sequence,rgb_mean_intensity_mean,rgb_mean_intensity_std,rgb_mean_intensity_slope,depth_valid_pct_mean,depth_valid_pct_std,depth_valid_pct_slope,depth_mean_valid_mean,depth_mean_valid_std,depth_mean_valid_slope
rectified01,95.098819,6.39872,-0.001838,72.829547,11.016347,-0.003577,79.483333,12.712294,-0.003347
rectified04,74.209075,4.040758,-0.001821,53.055025,5.308721,-0.001674,43.588982,3.177854,0.001362
rectified05,82.562041,2.723541,-0.003216,46.261157,4.759381,-0.001878,46.176285,0.712394,-8e-06
rectified06,106.653209,11.777616,-0.005556,79.266968,7.488887,0.000405,115.675781,28.434815,0.004132
rectified08,81.598142,14.126522,-0.000167,35.399764,13.203347,-0.000461,70.640425,18.485113,-0.000725
