keyframe,spec_pct,nan_pct,overlap_pct
KF1,1.1248779296875,21.625823974609375,21.42566467715681
KF2,0.9125518798828124,16.954193115234375,8.669843658556976
KF3,1.5686798095703125,13.18504333496094,13.549924614561547
KF4,0.714263916015625,27.02049255371094,14.580217902157658
KF5,0.43312072753906256,28.099670410156254,38.18918442839528
